NAICS_code,Industry_Title,Num_Businesses
11,"Agriculture, Forestry, Fishing and Hunting",350038
1111,Oilseed and Grain Farming,55359
111110,Soybean Farming,4590
111120,Oilseed (except Soybean) Farming,154
111130,Dry Pea and Bean Farming,3430
111140,Wheat Farming,6328
111150,Corn Farming,25216
111160,Rice Farming,900
111191,Oilseed and Grain Combination Farming,0
111199,All Other Grain Farming,14741
1112,Vegetable and Melon Farming,4510
111211,Potato Farming,601
111219,Other Vegetable (except Potato) and Melon Farming,3909
1113,Fruit and Tree Nut Farming,11237
111310,Orange Groves,217
111320,Citrus (except Orange) Groves,652
111331,Apple Orchards,1576
111332,Grape Vineyards,2534
111333,Strawberry Farming,289
111334,Berry (except Strawberry) Farming,1020
111335,Tree Nut Farming,1456
111336,Fruit and Tree Nut Combination Farming,217
111339,Other Noncitrus Fruit Farming,3276
1114,"Greenhouse, Nursery, and Floriculture Production",11754
111411,Mushroom Production,271
111419,Other Food Crops Grown Under Cover,623
111421,Nursery and Tree Production,5882
111422,Floriculture Production,4978
1119,Other Crop Farming,125935
111910,Tobacco Farming,1946
111920,Cotton Farming,3071
111930,Sugarcane Farming,165
111940,Hay Farming,2584
111991,Sugar Beet Farming,462
111992,Peanut Farming,334
111998,All Other Miscellaneous Crop Farming,117373
1121,Cattle Ranching and Farming,44139
112111,Beef Cattle Ranching and Farming,15189
112112,Cattle Feedlots,9857
112120,Dairy Cattle and Milk Production,19093
112130,Dual-Purpose Cattle Ranching and Farming,0
1122,Hog and Pig Farming,3872
112210,Hog and Pig Farming,3872
1123,Poultry and Egg Production,3512
112310,Chicken Egg Production,531
112320,Broilers and Other Meat Type Chicken Production,888
112330,Turkey Production,562
112340,Poultry Hatcheries,603
112390,Other Poultry Production,928
1124,Sheep and Goat Farming,1250
112410,Sheep Farming,788
112420,Goat Farming,462
1125,Aquaculture,1583
112511,Finfish Farming and Fish Hatcheries,1222
112512,Shellfish Farming,84
112519,Other Aquaculture,277
1129,Other Animal Production,33939
112910,Apiculture,1356
112920,Horses and Other Equine Production,3717
112930,Fur-Bearing Animal and Rabbit Production,369
112990,All Other Animal Production,28497
1131,Timber Tract Operations,2026
113110,Timber Tract Operations,2026
1132,Forest Nurseries and Gathering of Forest Products,900
113210,Forest Nurseries and Gathering of Forest Products,900
1133,Logging,7556
113310,Logging,7556
1141,Fishing,1051
114111,Finfish Fishing,465
114112,Shellfish Fishing,429
114119,Other Marine Fishing,157
1142,Hunting and Trapping,1947
114210,Hunting and Trapping,1947
1151,Support Activities for Crop Production,11781
115111,Cotton Ginning,548
115112,"Soil Preparation, Planting, and Cultivating",4178
115113,"Crop Harvesting, Primarily by Machine",1751
115114,Postharvest Crop Activities (except Cotton Ginning),1927
115115,Farm Labor Contractors and Crew Leaders,547
115116,Farm Management Services,2830
1152,Support Activities for Animal Production,22727
115210,Support Activities for Animal Production,22727
1153,Support Activities for Forestry,4960
115310,Support Activities for Forestry,4960
21,"Mining, Quarrying, and Oil and Gas Extraction",29357
2111,Oil and Gas Extraction,5277
211120,Crude Petroleum Extraction,4881
211130,Natural Gas Extraction,396
2121,Coal Mining,574
212111,Bituminous Coal and Lignite Surface Mining,424
212112,Bituminous Coal Underground Mining,104
212113,Anthracite Mining,46
2122,Metal Ore Mining,647
212210,Iron Ore Mining,80
212221,Gold Ore Mining,311
212222,Silver Ore Mining,39
212230,"Copper, Nickel, Lead, and Zinc Mining",116
212291,Uranium-Radium-Vanadium Ore Mining,49
212299,All Other Metal Ore Mining,52
2123,Nonmetallic Mineral Mining and Quarrying,4956
212311,Dimension Stone Mining and Quarrying,431
212312,Crushed and Broken Limestone Mining and Quarrying,867
212313,Crushed and Broken Granite Mining and Quarrying,167
212319,Other Crushed and Broken Stone Mining and Quarrying,380
212321,Construction Sand and Gravel Mining,2321
212322,Industrial Sand Mining,200
212324,Kaolin and Ball Clay Mining,51
212325,Clay and Ceramic and Refractory Minerals Mining,103
212391,"Potash, Soda, and Borate Mineral Mining",35
212392,Phosphate Rock Mining,17
212393,Other Chemical and Fertilizer Mineral Mining,107
212399,All Other Nonmetallic Mineral Mining,277
2131,Support Activities for Mining,17903
213111,Drilling Oil and Gas Wells,2174
213112,Support Activities for Oil and Gas Operations,14739
213113,Support Activities for Coal Mining,463
213114,Support Activities for Metal Mining,350
213115,Support Activities for Nonmetallic Minerals (except Fuels) Mining,177
22,Utilities,36392
2211,"Electric Power Generation, Transmission and Distribution",16315
221111,Hydroelectric Power Generation,60
221112,Fossil Fuel Electric Power Generation,121
221113,Nuclear Electric Power Generation,31
221114,Solar Electric Power Generation,468
221115,Wind Electric Power Generation,194
221116,Geothermal Electric Power Generation,101
221117,Biomass Electric Power Generation,92
221118,Other Electric Power Generation,12179
221121,Electric Bulk Power Transmission and Control,250
221122,Electric Power Distribution,2819
2212,Natural Gas Distribution,3323
221210,Natural Gas Distribution,3323
2213,"Water, Sewage and Other Systems",16754
221310,Water Supply and Irrigation Systems,14467
221320,Sewage Treatment Facilities,1961
221330,Steam and Air-Conditioning Supply,326
31-33,Manufacturing,613500
3111,Animal Food Manufacturing,2040
311111,Dog and Cat Food Manufacturing,433
311119,Other Animal Food Manufacturing,1607
3112,Grain and Oilseed Milling,2154
311211,Flour Milling,659
311212,Rice Milling,124
311213,Malt Manufacturing,56
311221,Wet Corn Milling,197
311224,Soybean and Other Oilseed Processing,145
311225,Fats and Oils Refining and Blending,612
311230,Breakfast Cereal Manufacturing,361
3113,Sugar and Confectionery Product Manufacturing,2439
311313,Beet Sugar Manufacturing,58
311314,Cane Sugar Manufacturing,104
311340,Nonchocolate Confectionery Manufacturing,1337
311351,Chocolate and Confectionery Manufacturing from Cacao Beans,638
311352,Confectionery Manufacturing from Purchased Chocolate,302
3114,Fruit and Vegetable Preserving and Specialty Food Manufacturing,3550
311411,"Frozen Fruit, Juice, and Vegetable Manufacturing",501
311412,Frozen Specialty Food Manufacturing,608
311421,Fruit and Vegetable Canning,1583
311422,Specialty Canning,567
311423,Dried and Dehydrated Food Manufacturing,291
3115,Dairy Product Manufacturing,3910
311511,Fluid Milk Manufacturing,658
311512,Creamery Butter Manufacturing,202
311513,Cheese Manufacturing,963
311514,"Dry, Condensed, and Evaporated Dairy Product Manufacturing",786
311520,Ice Cream and Frozen Dessert Manufacturing,1301
3116,Animal Slaughtering and Processing,4224
311611,Animal (except Poultry) Slaughtering,2006
311612,Meat Processed from Carcasses,1260
311613,Rendering and Meat Byproduct Processing,286
311615,Poultry Processing,672
3117,Seafood Product Preparation and Packaging,726
311710,Seafood Product Preparation and Packaging,726
3118,Bakeries and Tortilla Manufacturing,26517
311811,Retail Bakeries,20238
311812,Commercial Bakeries,4143
311813,"Frozen Cakes, Pies, and Other Pastries Manufacturing",247
311821,Cookie and Cracker Manufacturing,688
311824,"Dry Pasta, Dough, and Flour Mixes Manufacturing from Purchased Flour",549
311830,Tortilla Manufacturing,652
3119,Other Food Manufacturing,7570
311911,Roasted Nuts and Peanut Butter Manufacturing,237
311919,Other Snack Food Manufacturing,571
311920,Coffee and Tea Manufacturing,896
311930,Flavoring Syrup and Concentrate Manufacturing,276
311941,"Mayonnaise, Dressing, and Other Prepared Sauce Manufacturing",523
311942,Spice and Extract Manufacturing,1332
311991,Perishable Prepared Food Manufacturing,367
311999,All Other Miscellaneous Food Manufacturing,3368
3121,Beverage Manufacturing,13157
312111,Soft Drink Manufacturing,2332
312112,Bottled Water Manufacturing,470
312113,Ice Manufacturing,517
312120,Breweries,2220
312130,Wineries,6467
312140,Distilleries,1151
3122,Tobacco Manufacturing,470
312230,Tobacco Manufacturing,470
3131,"Fiber, Yarn, and Thread Mills",730
313110,"Fiber, Yarn, and Thread Mills",730
3132,Fabric Mills,4996
313210,Broadwoven Fabric Mills,4133
313220,Narrow Fabric Mills and Schiffli Machine Embroidery,446
313230,Nonwoven Fabric Mills,209
313240,Knit Fabric Mills,208
3133,Textile and Fabric Finishing and Fabric Coating Mills,1479
313310,Textile and Fabric Finishing Mills,1123
313320,Fabric Coating Mills,356
3141,Textile Furnishings Mills,2676
314110,Carpet and Rug Mills,1071
314120,Curtain and Linen Mills,1605
3149,Other Textile Product Mills,13346
314910,Textile Bag and Canvas Mills,2026
314994,"Rope, Cordage, Twine, Tire Cord, and Tire Fabric Mills",373
314999,All Other Miscellaneous Textile Product Mills,10947
3151,Apparel Knitting Mills,1391
315110,Hosiery and Sock Mills,621
315190,Other Apparel Knitting Mills,770
3152,Cut and Sew Apparel Manufacturing,7787
315210,Cut and Sew Apparel Contractors,358
315220,Men?s and Boys? Cut and Sew Apparel Manufacturing,2944
315240,"Women?s, Girls?, and Infants? Cut and Sew Apparel Manufacturing",3456
315280,Other Cut and Sew Apparel Manufacturing,1029
3159,Apparel Accessories and Other Apparel Manufacturing,2341
315990,Apparel Accessories and Other Apparel Manufacturing,2341
3161,Leather and Hide Tanning and Finishing,734
316110,Leather and Hide Tanning and Finishing,734
3162,Footwear Manufacturing,728
316210,Footwear Manufacturing,728
3169,Other Leather and Allied Product Manufacturing,3965
316992,Women's Handbag and Purse Manufacturing,314
316998,All Other Leather Good and Allied Product Manufacturing,3651
3211,Sawmills and Wood Preservation,2923
321113,Sawmills,2314
321114,Wood Preservation,609
3212,"Veneer, Plywood, and Engineered Wood Product Manufacturing",1575
321211,Hardwood Veneer and Plywood Manufacturing,292
321212,Softwood Veneer and Plywood Manufacturing,77
321213,Engineered Wood Member (except Truss) Manufacturing,60
321214,Truss Manufacturing,841
321219,Reconstituted Wood Product Manufacturing,305
3219,Other Wood Product Manufacturing,25178
321911,Wood Window and Door Manufacturing,1310
321912,"Cut Stock, Resawing Lumber, and Planing",1214
321918,Other Millwork (including Flooring),13148
321920,Wood Container and Pallet Manufacturing,3138
321991,Manufactured Home (Mobile Home) Manufacturing,631
321992,Prefabricated Wood Building Manufacturing,1115
321999,All Other Miscellaneous Wood Product Manufacturing,4622
3221,"Pulp, Paper, and Paperboard Mills",3015
322110,Pulp Mills,352
322121,Paper (except Newsprint) Mills,1898
322122,Newsprint Mills,30
322130,Paperboard Mills,735
3222,Converted Paper Product Manufacturing,6037
322211,Corrugated and Solid Fiber Box Manufacturing,1608
322212,Folding Paperboard Box Manufacturing,179
322219,Other Paperboard Container Manufacturing,664
322220,Paper Bag and Coated and Treated Paper Manufacturing,1608
322230,Stationery Product Manufacturing,421
322291,Sanitary Paper Product Manufacturing,340
322299,All Other Converted Paper Product Manufacturing,1217
3231,Printing and Related Support Activities,52116
323111,Commercial Printing (except Screen and Books),43787
323113,Commercial Screen Printing,6182
323117,Books Printing,397
323120,Support Activities for Printing,1750
3241,Petroleum and Coal Products Manufacturing,4220
324110,Petroleum Refineries,1614
324121,Asphalt Paving Mixture and Block Manufacturing,1294
324122,Asphalt Shingle and Coating Materials Manufacturing,480
324191,Petroleum Lubricating Oil and Grease Manufacturing,669
324199,All Other Petroleum and Coal Products Manufacturing,163
3251,Basic Chemical Manufacturing,8705
325110,Petrochemical Manufacturing,1545
325120,Industrial Gas Manufacturing,1409
325130,Synthetic Dye and Pigment Manufacturing,284
325180,Other Basic Inorganic Chemical Manufacturing,3364
325193,Ethyl Alcohol Manufacturing,188
325194,"Cyclic Crude, Intermediate, and Gum and Wood Chemical Manufacturing",207
325199,All Other Basic Organic Chemical Manufacturing,1708
3252,"Resin, Synthetic Rubber, and Artificial and Synthetic Fibers and Filaments Manufacturing",2710
325211,Plastics Material and Resin Manufacturing,2263
325212,Synthetic Rubber Manufacturing,225
325220,Artificial and Synthetic Fibers and Filaments Manufacturing,222
3253,"Pesticide, Fertilizer, and Other Agricultural Chemical Manufacturing",2014
325311,Nitrogenous Fertilizer Manufacturing,448
325312,Phosphatic Fertilizer Manufacturing,100
325314,Fertilizer (Mixing Only) Manufacturing,529
325320,Pesticide and Other Agricultural Chemical Manufacturing,937
3254,Pharmaceutical and Medicine Manufacturing,11133
325411,Medicinal and Botanical Manufacturing,1100
325412,Pharmaceutical Preparation Manufacturing,8052
325413,In-Vitro Diagnostic Substance Manufacturing,165
325414,Biological Product (except Diagnostic) Manufacturing,1816
3255,"Paint, Coating, and Adhesive Manufacturing",3396
325510,Paint and Coating Manufacturing,2150
325520,Adhesive Manufacturing,1246
3256,"Soap, Cleaning Compound, and Toilet Preparation Manufacturing",7114
325611,Soap and Other Detergent Manufacturing,1190
325612,Polish and Other Sanitation Good Manufacturing,1864
325613,Surface Active Agent Manufacturing,160
325620,Toilet Preparation Manufacturing,3900
3259,Other Chemical Product and Preparation Manufacturing,4454
325910,Printing Ink Manufacturing,615
325920,Explosives Manufacturing,227
325991,Custom Compounding of Purchased Resins,151
325992,"Photographic Film, Paper, Plate, and Chemical Manufacturing",325
325998,All Other Miscellaneous Chemical Product and Preparation Manufacturing,3136
3261,Plastics Product Manufacturing,13599
326111,Plastics Bag and Pouch Manufacturing,346
326112,Plastics Packaging Film and Sheet (including Laminated) Manufacturing,173
326113,Unlaminated Plastics Film and Sheet (except Packaging) Manufacturing,782
326121,Unlaminated Plastics Profile Shape Manufacturing,202
326122,Plastics Pipe and Pipe Fitting Manufacturing,365
326130,"Laminated Plastics Plate, Sheet (except Packaging), and Shape Manufacturing",368
326140,Polystyrene Foam Product Manufacturing,60
326150,Urethane and Other Foam Product (except Polystyrene) Manufacturing,1167
326160,Plastics Bottle Manufacturing,274
326191,Plastics Plumbing Fixture Manufacturing,318
326199,All Other Plastics Product Manufacturing,9544
3262,Rubber Product Manufacturing,2945
326211,Tire Manufacturing (except Retreading),489
326212,Tire Retreading,123
326220,Rubber and Plastics Hoses and Belting Manufacturing,346
326291,Rubber Product Manufacturing for Mechanical Use,244
326299,All Other Rubber Product Manufacturing,1743
3271,Clay Product and Refractory Manufacturing,2459
327110,"Pottery, Ceramics, and Plumbing Fixture Manufacturing",1377
327120,Clay Building Material and Refractories Manufacturing,1082
3272,Glass and Glass Product Manufacturing,3817
327211,Flat Glass Manufacturing,649
327212,Other Pressed and Blown Glass and Glassware Manufacturing,1129
327213,Glass Container Manufacturing,261
327215,Glass Product Manufacturing Made of Purchased Glass,1778
3273,Cement and Concrete Product Manufacturing,10392
327310,Cement Manufacturing,508
327320,Ready-Mix Concrete Manufacturing,4806
327331,Concrete Block and Brick Manufacturing,806
327332,Concrete Pipe Manufacturing,167
327390,Other Concrete Product Manufacturing,4105
3274,Lime and Gypsum Product Manufacturing,1230
327410,Lime Manufacturing,209
327420,Gypsum Product Manufacturing,1021
3279,Other Nonmetallic Mineral Product Manufacturing,3743
327910,Abrasive Product Manufacturing,568
327991,Cut Stone and Stone Product Manufacturing,2114
327992,Ground or Treated Mineral and Earth Manufacturing,363
327993,Mineral Wool Manufacturing,280
327999,All Other Miscellaneous Nonmetallic Mineral Product Manufacturing,418
3311,Iron and Steel Mills and Ferroalloy Manufacturing,2439
331110,Iron and Steel Mills and Ferroalloy Manufacturing,2439
3312,Steel Product Manufacturing from Purchased Steel,1581
331210,Iron and Steel Pipe and Tube Manufacturing from Purchased Steel,573
331221,Rolled Steel Shape Manufacturing,543
331222,Steel Wire Drawing,465
3313,Alumina and Aluminum Production and Processing,1147
331313,Alumina Refining and Primary Aluminum Production,238
331314,Secondary Smelting and Alloying of Aluminum,61
331315,"Aluminum Sheet, Plate, and Foil Manufacturing",232
331318,"Other Aluminum Rolling, Drawing, and Extruding",616
3314,Nonferrous Metal (except Aluminum) Production and Processing,1872
331410,Nonferrous Metal (except Aluminum) Smelting and Refining,494
331420,"Copper Rolling, Drawing, Extruding, and Alloying",424
331491,"Nonferrous Metal (except Copper and Aluminum) Rolling, Drawing, and Extruding",668
331492,"Secondary Smelting, Refining, and Alloying of Nonferrous Metal (except Copper and Aluminum)",286
3315,Foundries,2644
331511,Iron Foundries,476
331512,Steel Investment Foundries,233
331513,Steel Foundries (except Investment),306
331523,Nonferrous Metal Die-Casting Foundries,427
331524,Aluminum Foundries (except Die-Casting),475
331529,Other Nonferrous Metal Foundries (except Die-Casting),727
3321,Forging and Stamping,3965
332111,Iron and Steel Forging,999
332112,Nonferrous Forging,127
332114,Custom Roll Forming,33
332117,Powder Metallurgy Part Manufacturing,51
332119,"Metal Crown, Closure, and Other Metal Stamping (except Automotive)",2755
3322,Cutlery and Handtool Manufacturing,3359
332215,"Metal Kitchen Cookware, Utensil, Cutlery, and Flatware (except Precious) Manufacturing",1548
332216,Saw Blade and Handtool Manufacturing,1811
3323,Architectural and Structural Metals Manufacturing,20667
332311,Prefabricated Metal Building and Component Manufacturing,1727
332312,Fabricated Structural Metal Manufacturing,7388
332313,Plate Work Manufacturing,1876
332321,Metal Window and Door Manufacturing,1897
332322,Sheet Metal Work Manufacturing,5265
332323,Ornamental and Architectural Metal Work Manufacturing,2514
3324,"Boiler, Tank, and Shipping Container Manufacturing",1324
332410,Power Boiler and Heat Exchanger Manufacturing,202
332420,Metal Tank (Heavy Gauge) Manufacturing,364
332431,Metal Can Manufacturing,432
332439,Other Metal Container Manufacturing,326
3325,Hardware Manufacturing,1814
332510,Hardware Manufacturing,1814
3326,Spring and Wire Product Manufacturing,2058
332613,Spring Manufacturing,463
332618,Other Fabricated Wire Product Manufacturing,1595
3327,"Machine Shops; Turned Product; and Screw, Nut, and Bolt Manufacturing",19706
332710,Machine Shops,17765
332721,Precision Turned Product Manufacturing,1038
332722,"Bolt, Nut, Screw, Rivet, and Washer Manufacturing",903
3328,"Coating, Engraving, Heat Treating, and Allied Activities",8066
332811,Metal Heat Treating,738
332812,"Metal Coating, Engraving (except Jewelry and Silverware), and Allied Services to Manufacturers",4327
332813,"Electroplating, Plating, Polishing, Anodizing, and Coloring",3001
3329,Other Fabricated Metal Product Manufacturing,8933
332911,Industrial Valve Manufacturing,817
332912,Fluid Power Valve and Hose Fitting Manufacturing,406
332913,Plumbing Fixture Fitting and Trim Manufacturing,489
332919,Other Metal Valve and Pipe Fitting Manufacturing,662
332991,Ball and Roller Bearing Manufacturing,340
332992,Small Arms Ammunition Manufacturing,296
332993,Ammunition (except Small Arms) Manufacturing,118
332994,"Small Arms, Ordnance, and Ordnance Accessories Manufacturing",1153
332996,Fabricated Pipe and Pipe Fitting Manufacturing,831
332999,All Other Miscellaneous Fabricated Metal Product Manufacturing,3821
3331,"Agriculture, Construction, and Mining Machinery Manufacturing",9451
333111,Farm Machinery and Equipment Manufacturing,3226
333112,Lawn and Garden Tractor and Home Lawn and Garden Equipment Manufacturing,568
333120,Construction Machinery Manufacturing,3536
333131,Mining Machinery and Equipment Manufacturing,532
333132,Oil and Gas Field Machinery and Equipment Manufacturing,1589
3332,Industrial Machinery Manufacturing,6530
333241,Food Product Machinery Manufacturing,1286
333242,Semiconductor Machinery Manufacturing,252
333243,"Sawmill, Woodworking, and Paper Machinery Manufacturing",1109
333244,Printing Machinery and Equipment Manufacturing,673
333249,Other Industrial Machinery Manufacturing,3210
3333,Commercial and Service Industry Machinery Manufacturing,7189
333314,Optical Instrument and Lens Manufacturing,1203
333316,Photographic and Photocopying Equipment Manufacturing,922
333318,Other Commercial and Service Industry Machinery Manufacturing,5064
3334,"Ventilation, Heating, Air-Conditioning, and Commercial Refrigeration Equipment Manufacturing",4380
333413,Industrial and Commercial Fan and Blower and Air Purification Equipment Manufacturing,1051
333414,Heating Equipment (except Warm Air Furnaces) Manufacturing,701
333415,Air-Conditioning and Warm Air Heating Equipment and Commercial and Industrial Refrigeration Equipment Manufacturing,2628
3335,Metalworking Machinery Manufacturing,10355
333511,Industrial Mold Manufacturing,1187
333514,"Special Die and Tool, Die Set, Jig, and Fixture Manufacturing",3415
333515,Cutting Tool and Machine Tool Accessory Manufacturing,1887
333517,Machine Tool Manufacturing,3019
333519,Rolling Mill and Other Metalworking Machinery Manufacturing,847
3336,"Engine, Turbine, and Power Transmission Equipment Manufacturing",2258
333611,Turbine and Turbine Generator Set Units Manufacturing,649
333612,"Speed Changer, Industrial High-Speed Drive, and Gear Manufacturing",288
333613,Mechanical Power Transmission Equipment Manufacturing,467
333618,Other Engine Equipment Manufacturing,854
3339,Other General Purpose Machinery Manufacturing,13976
333912,Air and Gas Compressor Manufacturing,643
333914,"Measuring, Dispensing, and Other Pumping Equipment Manufacturing",1430
333921,Elevator and Moving Stairway Manufacturing,337
333922,Conveyor and Conveying Equipment Manufacturing,1039
333923,"Overhead Traveling Crane, Hoist, and Monorail System Manufacturing",702
333924,"Industrial Truck, Tractor, Trailer, and Stacker Machinery Manufacturing",1598
333991,Power-Driven Handtool Manufacturing,375
333992,Welding and Soldering Equipment Manufacturing,468
333993,Packaging Machinery Manufacturing,816
333994,Industrial Process Furnace and Oven Manufacturing,547
333995,Fluid Power Cylinder and Actuator Manufacturing,180
333996,Fluid Power Pump and Motor Manufacturing,288
333997,Scale and Balance Manufacturing,252
333999,All Other Miscellaneous General Purpose Machinery Manufacturing,5301
3341,Computer and Peripheral Equipment Manufacturing,5677
334111,Electronic Computer Manufacturing,1927
334112,Computer Storage Device Manufacturing,1116
334118,Computer Terminal and Other Computer Peripheral Equipment Manufacturing,2634
3342,Communications Equipment Manufacturing,5535
334210,Telephone Apparatus Manufacturing,1203
334220,Radio and Television Broadcasting and Wireless Communications Equipment Manufacturing,3084
334290,Other Communications Equipment Manufacturing,1248
3343,Audio and Video Equipment Manufacturing,1815
334310,Audio and Video Equipment Manufacturing,1815
3344,Semiconductor and Other Electronic Component Manufacturing,9365
334412,Bare Printed Circuit Board Manufacturing,267
334413,Semiconductor and Related Device Manufacturing,3676
334416,"Capacitor, Resistor, Coil, Transformer, and Other Inductor Manufacturing",709
334417,Electronic Connector Manufacturing,420
334418,Printed Circuit Assembly (Electronic Assembly) Manufacturing,1172
334419,Other Electronic Component Manufacturing,3121
3345,"Navigational, Measuring, Electromedical, and Control Instruments Manufacturing",16427
334510,Electromedical and Electrotherapeutic Apparatus Manufacturing,2499
334511,"Search, Detection, Navigation, Guidance, Aeronautical, and Nautical System and Instrument Manufacturing",3371
334512,"Automatic Environmental Control Manufacturing for Residential, Commercial, and Appliance Use",1139
334513,"Instruments and Related Products Manufacturing for Measuring, Displaying, and Controlling Industrial Process Variables",2269
334514,Totalizing Fluid Meter and Counting Device Manufacturing,346
334515,Instrument Manufacturing for Measuring and Testing Electricity and Electrical Signals,1810
334516,Analytical Laboratory Instrument Manufacturing,1840
334517,Irradiation Apparatus Manufacturing,270
334519,Other Measuring and Controlling Device Manufacturing,2883
3346,Manufacturing and Reproducing Magnetic and Optical Media,2149
334613,Blank Magnetic and Optical Recording Media Manufacturing,447
334614,"Software and Other Prerecorded Compact Disc, Tape, and Record Reproducing",1702
3351,Electric Lighting Equipment Manufacturing,3997
335110,Electric Lamp Bulb and Part Manufacturing,365
335121,Residential Electric Lighting Fixture Manufacturing,594
335122,"Commercial, Industrial, and Institutional Electric Lighting Fixture Manufacturing",887
335129,Other Lighting Equipment Manufacturing,2151
3352,Household Appliance Manufacturing,1515
335210,Small Electrical Appliance Manufacturing,750
335220,Major Household Appliance Manufacturing,765
3353,Electrical Equipment Manufacturing,4889
335311,"Power, Distribution, and Specialty Transformer Manufacturing",737
335312,Motor and Generator Manufacturing,1438
335313,Switchgear and Switchboard Apparatus Manufacturing,824
335314,Relay and Industrial Control Manufacturing,1890
3359,Other Electrical Equipment and Component Manufacturing,7624
335911,Storage Battery Manufacturing,517
335912,Primary Battery Manufacturing,88
335921,Fiber Optic Cable Manufacturing,169
335929,Other Communication and Energy Wire Manufacturing,147
335931,Current-Carrying Wiring Device Manufacturing,748
335932,Noncurrent-Carrying Wiring Device Manufacturing,577
335991,Carbon and Graphite Product Manufacturing,257
335999,All Other Miscellaneous Electrical Equipment and Component Manufacturing,5121
3361,Motor Vehicle Manufacturing,1659
336111,Automobile Manufacturing,1174
336112,Light Truck and Utility Vehicle Manufacturing,74
336120,Heavy Duty Truck Manufacturing,411
3362,Motor Vehicle Body and Trailer Manufacturing,2737
336211,Motor Vehicle Body Manufacturing,922
336212,Truck Trailer Manufacturing,1005
336213,Motor Home Manufacturing,92
336214,Travel Trailer and Camper Manufacturing,718
3363,Motor Vehicle Parts Manufacturing,8005
336310,Motor Vehicle Gasoline Engine and Engine Parts Manufacturing,671
336320,Motor Vehicle Electrical and Electronic Equipment Manufacturing,1096
336330,Motor Vehicle Steering and Suspension Components (except Spring) Manufacturing,143
336340,Motor Vehicle Brake System Manufacturing,167
336350,Motor Vehicle Transmission and Power Train Parts Manufacturing,427
336360,Motor Vehicle Seating and Interior Trim Manufacturing,397
336370,Motor Vehicle Metal Stamping,704
336390,Other Motor Vehicle Parts Manufacturing,4400
3364,Aerospace Product and Parts Manufacturing,6465
336411,Aircraft Manufacturing,2429
336412,Aircraft Engine and Engine Parts Manufacturing,1092
336413,Other Aircraft Parts and Auxiliary Equipment Manufacturing,2553
336414,Guided Missile and Space Vehicle Manufacturing,167
336415,Guided Missile and Space Vehicle Propulsion Unit and Propulsion Unit Parts Manufacturing,146
336419,Other Guided Missile and Space Vehicle Parts and Auxiliary Equipment Manufacturing,78
3365,Railroad Rolling Stock Manufacturing,549
336510,Railroad Rolling Stock Manufacturing,549
3366,Ship and Boat Building,3466
336611,Ship Building and Repairing,962
336612,Boat Building,2504
3369,Other Transportation Equipment Manufacturing,2218
336991,"Motorcycle, Bicycle, and Parts Manufacturing",1169
336992,"Military Armored Vehicle, Tank, and Tank Component Manufacturing",206
336999,All Other Transportation Equipment Manufacturing,843
3371,Household and Institutional Furniture and Kitchen Cabinet Manufacturing,20023
337110,Wood Kitchen Cabinet and Countertop Manufacturing,13025
337121,Upholstered Household Furniture Manufacturing,833
337122,Nonupholstered Wood Household Furniture Manufacturing,3112
337124,Metal Household Furniture Manufacturing,396
337125,Household Furniture (except Wood and Metal) Manufacturing,450
337127,Institutional Furniture Manufacturing,2207
3372,Office Furniture (including Fixtures) Manufacturing,3212
337211,Wood Office Furniture Manufacturing,837
337212,Custom Architectural Woodwork and Millwork Manufacturing,889
337214,Office Furniture (except Wood) Manufacturing,523
337215,"Showcase, Partition, Shelving, and Locker Manufacturing",963
3379,Other Furniture Related Product Manufacturing,1738
337910,Mattress Manufacturing,646
337920,Blind and Shade Manufacturing,1092
3391,Medical Equipment and Supplies Manufacturing,20292
339112,Surgical and Medical Instrument Manufacturing,5084
339113,Surgical Appliance and Supplies Manufacturing,4309
339114,Dental Equipment and Supplies Manufacturing,1329
339115,Ophthalmic Goods Manufacturing,980
339116,Dental Laboratories,8590
3399,Other Miscellaneous Manufacturing,70724
339910,Jewelry and Silverware Manufacturing,5176
339920,Sporting and Athletic Goods Manufacturing,8096
339930,"Doll, Toy, and Game Manufacturing",3321
339940,Office Supplies (except Paper) Manufacturing,1607
339950,Sign Manufacturing,19725
339991,"Gasket, Packing, and Sealing Device Manufacturing",770
339992,Musical Instrument Manufacturing,1614
339993,"Fastener, Button, Needle, and Pin Manufacturing",547
339994,"Broom, Brush, and Mop Manufacturing",315
339995,Burial Casket Manufacturing,115
339999,All Other Miscellaneous Manufacturing,29438
42,Wholesale Trade,678455
4231,Motor Vehicle and Motor Vehicle Parts and Supplies Merchant Wholesalers,35735
423110,Automobile and Other Motor Vehicle Merchant Wholesalers,8392
423120,Motor Vehicle Supplies and New Parts Merchant Wholesalers,19928
423130,Tire and Tube Merchant Wholesalers,3306
423140,Motor Vehicle Parts (Used) Merchant Wholesalers,4109
4232,Furniture and Home Furnishing Merchant Wholesalers,25446
423210,Furniture Merchant Wholesalers,10215
423220,Home Furnishing Merchant Wholesalers,15231
4233,Lumber and Other Construction Materials Merchant Wholesalers,38383
423310,"Lumber, Plywood, Millwork, and Wood Panel Merchant Wholesalers",20898
423320,"Brick, Stone, and Related Construction Material Merchant Wholesalers",11084
423330,"Roofing, Siding, and Insulation Material Merchant Wholesalers",3031
423390,Other Construction Material Merchant Wholesalers,3370
4234,Professional and Commercial Equipment and Supplies Merchant Wholesalers,57631
423410,Photographic Equipment and Supplies Merchant Wholesalers,795
423420,Office Equipment Merchant Wholesalers,5532
423430,Computer and Computer Peripheral Equipment and Software Merchant Wholesalers,12262
423440,Other Commercial Equipment Merchant Wholesalers,17129
423450,"Medical, Dental, and Hospital Equipment and Supplies Merchant Wholesalers",17865
423460,Ophthalmic Goods Merchant Wholesalers,419
423490,Other Professional Equipment and Supplies Merchant Wholesalers,3629
4235,Metal and Mineral (except Petroleum) Merchant Wholesalers,13427
423510,Metal Service Centers and Other Metal Merchant Wholesalers,12679
423520,Coal and Other Mineral and Ore Merchant Wholesalers,748
4236,Household Appliances and Electrical and Electronic Goods Merchant Wholesalers,40083
423610,"Electrical Apparatus and Equipment, Wiring Supplies, and Related Equipment Merchant Wholesalers",20473
423620,"Household Appliances, Electric Housewares, and Consumer Electronics Merchant Wholesalers",4354
423690,Other Electronic Parts and Equipment Merchant Wholesalers,15256
4237,"Hardware, and Plumbing and Heating Equipment and Supplies Merchant Wholesalers",24491
423710,Hardware Merchant Wholesalers,6819
423720,Plumbing and Heating Equipment and Supplies (Hydronics) Merchant Wholesalers,9665
423730,Warm Air Heating and Air-Conditioning Equipment and Supplies Merchant Wholesalers,5734
423740,Refrigeration Equipment and Supplies Merchant Wholesalers,2273
4238,"Machinery, Equipment, and Supplies Merchant Wholesalers",98333
423810,Construction and Mining (except Oil Well) Machinery and Equipment Merchant Wholesalers,8961
423820,Farm and Garden Machinery and Equipment Merchant Wholesalers,9103
423830,Industrial Machinery and Equipment Merchant Wholesalers,37157
423840,Industrial Supplies Merchant Wholesalers,20158
423850,Service Establishment Equipment and Supplies Merchant Wholesalers,17563
423860,Transportation Equipment and Supplies (except Motor Vehicle) Merchant Wholesalers,5391
4239,Miscellaneous Durable Goods Merchant Wholesalers,79880
423910,Sporting and Recreational Goods and Supplies Merchant Wholesalers,7972
423920,Toy and Hobby Goods and Supplies Merchant Wholesalers,4949
423930,Recyclable Material Merchant Wholesalers,7088
423940,"Jewelry, Watch, Precious Stone, and Precious Metal Merchant Wholesalers",13026
423990,Other Miscellaneous Durable Goods Merchant Wholesalers,46845
4241,Paper and Paper Product Merchant Wholesalers,12500
424110,Printing and Writing Paper Merchant Wholesalers,989
424120,Stationery and Office Supplies Merchant Wholesalers,6731
424130,Industrial and Personal Service Paper Merchant Wholesalers,4780
4242,Drugs and Druggists' Sundries Merchant Wholesalers,12780
424210,Drugs and Druggists' Sundries Merchant Wholesalers,12780
4243,"Apparel, Piece Goods, and Notions Merchant Wholesalers",22378
424310,"Piece Goods, Notions, and Other Dry Goods Merchant Wholesalers",4401
424320,Men's and Boys' Clothing and Furnishings Merchant Wholesalers,4089
424330,"Women's, Children's, and Infants' Clothing and Accessories Merchant Wholesalers",8321
424340,Footwear Merchant Wholesalers,5567
4244,Grocery and Related Product Merchant Wholesalers,57998
424410,General Line Grocery Merchant Wholesalers,10196
424420,Packaged Frozen Food Merchant Wholesalers,1249
424430,Dairy Product (except Dried or Canned) Merchant Wholesalers,3332
424440,Poultry and Poultry Product Merchant Wholesalers,1538
424450,Confectionery Merchant Wholesalers,2721
424460,Fish and Seafood Merchant Wholesalers,5642
424470,Meat and Meat Product Merchant Wholesalers,2986
424480,Fresh Fruit and Vegetable Merchant Wholesalers,6487
424490,Other Grocery and Related Products Merchant Wholesalers,23847
4245,Farm Product Raw Material Merchant Wholesalers,21456
424510,Grain and Field Bean Merchant Wholesalers,6790
424520,Livestock Merchant Wholesalers,9350
424590,Other Farm Product Raw Material Merchant Wholesalers,5316
4246,Chemical and Allied Products Merchant Wholesalers,12413
424610,Plastics Materials and Basic Forms and Shapes Merchant Wholesalers,2046
424690,Other Chemical and Allied Products Merchant Wholesalers,10367
4247,Petroleum and Petroleum Products Merchant Wholesalers,13688
424710,Petroleum Bulk Stations and Terminals,2299
424720,Petroleum and Petroleum Products Merchant Wholesalers (except Bulk Stations and Terminals),11389
4248,"Beer, Wine, and Distilled Alcoholic Beverage Merchant Wholesalers",10784
424810,Beer and Ale Merchant Wholesalers,2750
424820,Wine and Distilled Alcoholic Beverage Merchant Wholesalers,8034
4249,Miscellaneous Nondurable Goods Merchant Wholesalers,100271
424910,Farm Supplies Merchant Wholesalers,14540
424920,"Book, Periodical, and Newspaper Merchant Wholesalers",9325
424930,"Flower, Nursery Stock, and Florists' Supplies Merchant Wholesalers",6004
424940,Tobacco and Tobacco Product Merchant Wholesalers,4852
424950,"Paint, Varnish, and Supplies Merchant Wholesalers",4229
424990,Other Miscellaneous Nondurable Goods Merchant Wholesalers,61321
4251,Wholesale Electronic Markets and Agents and Brokers,778
425110,Business to Business Electronic Markets,0
425120,Wholesale Trade Agents and Brokers,778
44-45,Retail Trade,1743885
4411,Automobile Dealers,89605
441110,New Car Dealers,54675
441120,Used Car Dealers,34930
4412,Other Motor Vehicle Dealers,41042
441210,Recreational Vehicle Dealers,4038
441222,Boat Dealers,9539
441228,"Motorcycle, ATV, and All Other Motor Vehicle Dealers",27465
4413,"Automotive Parts, Accessories, and Tire Stores",69058
441310,Automotive Parts and Accessories Stores,39733
441320,Tire Dealers,29325
4421,Furniture Stores,41938
442110,Furniture Stores,41938
4422,Home Furnishings Stores,69917
442210,Floor Covering Stores,44521
442291,Window Treatment Stores,5923
442299,All Other Home Furnishings Stores,19473
4431,Electronics and Appliance Stores,79708
443141,Household Appliance Stores,11665
443142,Electronics Stores,68043
4441,Building Material and Supplies Dealers,88167
444110,Home Centers,28901
444120,Paint and Wallpaper Stores,13555
444130,Hardware Stores,20229
444190,Other Building Material Dealers,25482
4442,Lawn and Garden Equipment and Supplies Stores,17140
444210,Outdoor Power Equipment Stores,3853
444220,"Nursery, Garden Center, and Farm Supply Stores",13287
4451,Grocery Stores,147995
445110,Supermarkets and Other Grocery (except Convenience) Stores,94755
445120,Convenience Stores,53240
4452,Specialty Food Stores,85607
445210,Meat Markets,8356
445220,Fish and Seafood Markets,2940
445230,Fruit and Vegetable Markets,6836
445291,Baked Goods Stores,35510
445292,Confectionery and Nut Stores,9823
445299,All Other Specialty Food Stores,22142
4453,"Beer, Wine, and Liquor Stores",33256
445310,"Beer, Wine, and Liquor Stores",33256
4461,Health and Personal Care Stores,119914
446110,Pharmacies and Drug Stores,53502
446120,"Cosmetics, Beauty Supplies, and Perfume Stores",18195
446130,Optical Goods Stores,17430
446191,Food (Health) Supplement Stores,16884
446199,All Other Health and Personal Care Stores,13903
4471,Gasoline Stations,66089
447110,Gasoline Stations with Convenience Stores,1111
447190,Other Gasoline Stations,64978
4481,Clothing Stores,165830
448110,Men's Clothing Stores,11271
448120,Women's Clothing Stores,86654
448130,Children's and Infants' Clothing Stores,6900
448140,Family Clothing Stores,22846
448150,Clothing Accessories Stores,18623
448190,Other Clothing Stores,19536
4482,Shoe Stores,20846
448210,Shoe Stores,20846
4483,"Jewelry, Luggage, and Leather Goods Stores",40323
448310,Jewelry Stores,38616
448320,Luggage and Leather Goods Stores,1707
4511,"Sporting Goods, Hobby, and Musical Instrument Stores",99044
451110,Sporting Goods Stores,52111
451120,"Hobby, Toy, and Game Stores",25619
451130,"Sewing, Needlework, and Piece Goods Stores",12125
451140,Musical Instrument and Supplies Stores,9189
4512,Book Stores and News Dealers,15016
451211,Book Stores,14065
451212,News Dealers and Newsstands,951
4522,Department Stores,20557
452210,Department Stores,20557
4523,"General Merchandise Stores, including Warehouse Clubs and Supercenters",48957
452311,Warehouse Clubs and Supercenters,1800
452319,All Other General Merchandise Stores,47157
4531,Florists,27353
453110,Florists,27353
4532,"Office Supplies, Stationery, and Gift Stores",60290
453210,Office Supplies and Stationery Stores,6117
453220,"Gift, Novelty, and Souvenir Stores",54173
4533,Used Merchandise Stores,38408
453310,Used Merchandise Stores,38408
4539,Other Miscellaneous Store Retailers,185597
453910,Pet and Pet Supplies Stores,17877
453920,Art Dealers,3637
453930,Manufactured (Mobile) Home Dealers,3780
453991,Tobacco Stores,18085
453998,All Other Miscellaneous Store Retailers (except Tobacco Stores),142218
4541,Electronic Shopping and Mail-Order Houses,22879
454110,Electronic Shopping and Mail-Order Houses,22879
4542,Vending Machine Operators,9832
454210,Vending Machine Operators,9832
4543,Direct Selling Establishments,39517
454310,Fuel Dealers,12926
454390,Other Direct Selling Establishments,26591
48-49,Transportation and Warehousing,555735
4811,Scheduled Air Transportation,2348
481111,Scheduled Passenger Air Transportation,1799
481112,Scheduled Freight Air Transportation,549
4812,Nonscheduled Air Transportation,2631
481211,Nonscheduled Chartered Passenger Air Transportation,195
481212,Nonscheduled Chartered Freight Air Transportation,89
481219,Other Nonscheduled Air Transportation,2347
4821,Rail Transportation,2267
482111,Line-Haul Railroads,2237
482112,Short Line Railroads,30
4831,"Deep Sea, Coastal, and Great Lakes Water Transportation",1235
483111,Deep Sea Freight Transportation,695
483112,Deep Sea Passenger Transportation,181
483113,Coastal and Great Lakes Freight Transportation,359
483114,Coastal and Great Lakes Passenger Transportation,0
4832,Inland Water Transportation,1139
483211,Inland Water Freight Transportation,748
483212,Inland Water Passenger Transportation,391
4841,General Freight Trucking,184592
484110,"General Freight Trucking, Local",145624
484121,"General Freight Trucking, Long-Distance, Truckload",38398
484122,"General Freight Trucking, Long-Distance, Less Than Truckload",570
4842,Specialized Freight Trucking,21626
484210,Used Household and Office Goods Moving,8203
484220,"Specialized Freight (except Used Goods) Trucking, Local",9240
484230,"Specialized Freight (except Used Goods) Trucking, Long-Distance",4183
4851,Urban Transit Systems,7122
485111,Mixed Mode Transit Systems,5657
485112,Commuter Rail Systems,175
485113,Bus and Other Motor Vehicle Transit Systems,1208
485119,Other Urban Transit Systems,82
4852,Interurban and Rural Bus Transportation,997
485210,Interurban and Rural Bus Transportation,997
4853,Taxi and Limousine Service,27415
485310,Taxi Service,10870
485320,Limousine Service,16545
4854,School and Employee Bus Transportation,2252
485410,School and Employee Bus Transportation,2252
4855,Charter Bus Industry,3052
485510,Charter Bus Industry,3052
4859,Other Transit and Ground Passenger Transportation,5460
485991,Special Needs Transportation,0
485999,All Other Transit and Ground Passenger Transportation,5460
4861,Pipeline Transportation of Crude Oil,606
486110,Pipeline Transportation of Crude Oil,606
4862,Pipeline Transportation of Natural Gas,1530
486210,Pipeline Transportation of Natural Gas,1530
4869,Other Pipeline Transportation,534
486910,Pipeline Transportation of Refined Petroleum Products,353
486990,All Other Pipeline Transportation,181
4871,"Scenic and Sightseeing Transportation, Land",347
487110,"Scenic and Sightseeing Transportation, Land",347
4872,"Scenic and Sightseeing Transportation, Water",484
487210,"Scenic and Sightseeing Transportation, Water",484
4879,"Scenic and Sightseeing Transportation, Other",343
487990,"Scenic and Sightseeing Transportation, Other",343
4881,Support Activities for Air Transportation,16903
488111,Air Traffic Control,758
488119,Other Airport Operations,12483
488190,Other Support Activities for Air Transportation,3662
4882,Support Activities for Rail Transportation,15770
488210,Support Activities for Rail Transportation,15770
4883,Support Activities for Water Transportation,3969
488310,Port and Harbor Operations,198
488320,Marine Cargo Handling,893
488330,Navigational Services to Shipping,1571
488390,Other Support Activities for Water Transportation,1307
4884,Support Activities for Road Transportation,27060
488410,Motor Vehicle Towing,21128
488490,Other Support Activities for Road Transportation,5932
4885,Freight Transportation Arrangement,37944
488510,Freight Transportation Arrangement,37944
4889,Other Support Activities for Transportation,116508
488991,Packing and Crating,1391
488999,All Other Support Activities for Transportation,115117
4911,Postal Service,21558
491110,Postal Service,21558
4921,Couriers and Express Delivery Services,7080
492110,Couriers and Express Delivery Services,7080
4922,Local Messengers and Local Delivery,10343
492210,Local Messengers and Local Delivery,10343
4931,Warehousing and Storage,32620
493110,General Warehousing and Storage,20866
493120,Refrigerated Warehousing and Storage,1247
493130,Farm Product Warehousing and Storage,835
493190,Other Warehousing and Storage,9672
51,Information,338109
5111,"Newspaper, Periodical, Book, and Directory Publishers",43587
511110,Newspaper Publishers,11210
511120,Periodical Publishers,5236
511130,Book Publishers,5424
511140,Directory and Mailing List Publishers,566
511191,Greeting Card Publishers,346
511199,All Other Publishers,20805
5112,Software Publishers,22863
511210,Software Publishers,22863
5121,Motion Picture and Video Industries,69662
512110,Motion Picture and Video Production,27246
512120,Motion Picture and Video Distribution,27271
512131,Motion Picture Theaters (except Drive-Ins),6090
512132,Drive-In Motion Picture Theaters,113
512191,Teleproduction and Other Postproduction Services,1324
512199,Other Motion Picture and Video Industries,7618
5122,Sound Recording Industries,12709
512230,Music Publishers,627
512240,Sound Recording Studios,4438
512250,Record Production and Distribution,7314
512290,Other Sound Recording Industries,330
5151,Radio and Television Broadcasting,16545
515111,Radio Networks,9460
515112,Radio Stations,3079
515120,Television Broadcasting,4006
5152,Cable and Other Subscription Programming,7194
515210,Cable and Other Subscription Programming,7194
5173,Wired and Wireless Telecommunications Carriers,42500
517311,Wired Telecommunications Carriers,15531
517312,Wireless Telecommunications Carriers (except Satellite),26969
5174,Satellite Telecommunications,180
517410,Satellite Telecommunications,180
5179,Other Telecommunications,70038
517911,Telecommunications Resellers,17750
517919,All Other Telecommunications,52288
5182,"Data Processing, Hosting, and Related Services",20441
518210,"Data Processing, Hosting, and Related Services",20441
5191,Other Information Services,32390
519110,News Syndicates,879
519120,Libraries and Archives,24276
519130,Internet Publishing and Broadcasting and Web Search Portals,1409
519190,All Other Information Services,5826
52,Finance and Insurance,741257
5211,Monetary Authorities-Central Bank,35
521110,Monetary Authorities-Central Bank,35
5221,Depository Credit Intermediation,99582
522110,Commercial Banking,77558
522120,Savings Institutions,7489
522130,Credit Unions,14535
522190,Other Depository Credit Intermediation,0
5222,Nondepository Credit Intermediation,41447
522210,Credit Card Issuing,6
522220,Sales Financing,2280
522291,Consumer Lending,15602
522292,Real Estate Credit,6111
522293,International Trade Financing,1648
522294,Secondary Market Financing,6
522298,All Other Nondepository Credit Intermediation,15794
5223,Activities Related to Credit Intermediation,65891
522310,Mortgage and Nonmortgage Loan Brokers,13171
522320,"Financial Transactions Processing, Reserve, and Clearinghouse Activities",27302
522390,Other Activities Related to Credit Intermediation,25418
5231,Securities and Commodity Contracts Intermediation and Brokerage,34501
523110,Investment Banking and Securities Dealing,2581
523120,Securities Brokerage,28567
523130,Commodity Contracts Dealing,2774
523140,Commodity Contracts Brokerage,579
5232,Securities and Commodity Exchanges,346
523210,Securities and Commodity Exchanges,346
5239,Other Financial Investment Activities,229426
523910,Miscellaneous Intermediation,134034
523920,Portfolio Management,8749
523930,Investment Advice,64259
523991,"Trust, Fiduciary, and Custody Activities",20097
523999,Miscellaneous Financial Investment Activities,2287
5241,Insurance Carriers,33863
524113,Direct Life Insurance Carriers,7257
524114,Direct Health and Medical Insurance Carriers,4923
524126,Direct Property and Casualty Insurance Carriers,13390
524127,Direct Title Insurance Carriers,4982
524128,"Other Direct Insurance (except Life, Health, and Medical) Carriers",3182
524130,Reinsurance Carriers,129
5242,"Agencies, Brokerages, and Other Insurance Related Activities",208761
524210,Insurance Agencies and Brokerages,197857
524291,Claims Adjusting,3977
524292,Third Party Administration of Insurance and Pension Funds,806
524298,All Other Insurance Related Activities,6121
5251,Insurance and Employee Benefit Funds,1687
525110,Pension Funds,794
525120,Health and Welfare Funds,813
525190,Other Insurance Funds,80
5259,Other Investment Pools and Funds,25718
525910,Open-End Investment Funds,12096
525920,"Trusts, Estates, and Agency Accounts",7881
525990,Other Financial Vehicles,5741
53,Real Estate and Rental and Leasing,817747
5311,Lessors of Real Estate,189018
531110,Lessors of Residential Buildings and Dwellings,118221
531120,Lessors of Nonresidential Buildings (except Miniwarehouses),25638
531130,Lessors of Miniwarehouses and Self-Storage Units,19876
531190,Lessors of Other Real Estate Property,25283
5312,Offices of Real Estate Agents and Brokers,338679
531210,Offices of Real Estate Agents and Brokers,338679
5313,Activities Related to Real Estate,170717
531311,Residential Property Managers,5110
531312,Nonresidential Property Managers,139499
531320,Offices of Real Estate Appraisers,20936
531390,Other Activities Related to Real Estate,5172
5321,Automotive Equipment Rental and Leasing,35247
532111,Passenger Car Rental,14202
532112,Passenger Car Leasing,1005
532120,"Truck, Utility Trailer, and RV (Recreational Vehicle) Rental and Leasing",20040
5322,Consumer Goods Rental,32102
532210,Consumer Electronics and Appliances Rental,6738
532281,Formal Wear and Costume Rental,1797
532282,Video Tape and Disc Rental,5107
532283,Home Health Equipment Rental,2264
532284,Recreational Goods Rental,2010
532289,All Other Consumer Goods Rental,14186
5323,General Rental Centers,773
532310,General Rental Centers,773
5324,Commercial and Industrial Machinery and Equipment Rental and Leasing,45681
532411,"Commercial Air, Rail, and Water Transportation Equipment Rental and Leasing",1210
532412,"Construction, Mining, and Forestry Machinery and Equipment Rental and Leasing",5129
532420,Office Machinery and Equipment Rental and Leasing,623
532490,Other Commercial and Industrial Machinery and Equipment Rental and Leasing,38719
5331,Lessors of Nonfinancial Intangible Assets (except Copyrighted Works),5530
533110,Lessors of Nonfinancial Intangible Assets (except Copyrighted Works),5530
54,"Professional, Scientific, and Technical Services",2120896
5411,Legal Services,334686
541110,Offices of Lawyers,312563
541120,Offices of Notaries,5831
541191,Title Abstract and Settlement Offices,11032
541199,All Other Legal Services,5260
5412,"Accounting, Tax Preparation, Bookkeeping, and Payroll Services",176394
541211,Offices of Certified Public Accountants,61718
541213,Tax Preparation Services,59911
541214,Payroll Services,2729
541219,Other Accounting Services,52036
5413,"Architectural, Engineering, and Related Services",238011
541310,Architectural Services,37624
541320,Landscape Architectural Services,79114
541330,Engineering Services,89696
541340,Drafting Services,1625
541350,Building Inspection Services,7260
541360,Geophysical Surveying and Mapping Services,0
541370,Surveying and Mapping (except Geophysical) Services,12334
541380,Testing Laboratories,10358
5414,Specialized Design Services,72510
541410,Interior Design Services,33972
541420,Industrial Design Services,1764
541430,Graphic Design Services,35025
541490,Other Specialized Design Services,1749
5415,Computer Systems Design and Related Services,190494
541511,Custom Computer Programming Services,101100
541512,Computer Systems Design Services,83501
541513,Computer Facilities Management Services,1082
541519,Other Computer Related Services,4811
5416,"Management, Scientific, and Technical Consulting Services",627155
541611,Administrative Management and General Management Consulting Services,179830
541612,Human Resources Consulting Services,13473
541613,Marketing Consulting Services,54679
541614,"Process, Physical Distribution, and Logistics Consulting Services",2947
541618,Other Management Consulting Services,314502
541620,Environmental Consulting Services,21757
541690,Other Scientific and Technical Consulting Services,39967
5417,Scientific Research and Development Services,42465
541713,Research and Development in Nanotechnology,0
541714,Research and Development in Biotechnology (except Nanobiotechnology),4129
541715,"Research and Development in the Physical, Engineering, and Life Sciences (except Nanotechnology and Biotechnology)",23357
541720,Research and Development in the Social Sciences and Humanities,14979
5418,"Advertising, Public Relations, and Related Services",62173
541810,Advertising Agencies,22496
541820,Public Relations Agencies,16052
541830,Media Buying Agencies,758
541840,Media Representatives,3586
541850,Outdoor Advertising,2496
541860,Direct Mail Advertising,4829
541870,Advertising Material Distribution Services,1032
541890,Other Services Related to Advertising,10924
5419,"Other Professional, Scientific, and Technical Services",377008
541910,Marketing Research and Public Opinion Polling,12815
541921,"Photography Studios, Portrait",86662
541922,Commercial Photography,15872
541930,Translation and Interpretation Services,5956
541940,Veterinary Services,44226
541990,"All Other Professional, Scientific, and Technical Services",211477
55,Management of Companies and Enterprises,67529
5511,Management of Companies and Enterprises,67529
551111,Offices of Bank Holding Companies,2120
551112,Offices of Other Holding Companies,65409
551114,"Corporate, Subsidiary, and Regional Managing Offices",0
56,Administrative and Support and Waste Management and Remediation Services,1778590
5611,Office Administrative Services,142842
561110,Office Administrative Services,142842
5612,Facilities Support Services,4357
561210,Facilities Support Services,4357
5613,Employment Services,57299
561311,Employment Placement Agencies,27995
561312,Executive Search Services,8687
561320,Temporary Help Services,20083
561330,Professional Employer Organizations,534
5614,Business Support Services,222883
561410,Document Preparation Services,4124
561421,Telephone Answering Services,5447
561422,Telemarketing Bureaus and Other Contact Centers,1241
561431,Private Mail Centers,6292
561439,Other Business Service Centers (including Copy Shops),1671
561440,Collection Agencies,4706
561450,Credit Bureaus,1123
561491,Repossession Services,2021
561492,Court Reporting and Stenotype Services,6997
561499,All Other Business Support Services,189261
5615,Travel Arrangement and Reservation Services,58902
561510,Travel Agencies,44325
561520,Tour Operators,10020
561591,Convention and Visitors Bureaus,1194
561599,All Other Travel Arrangement and Reservation Services,3363
5616,Investigation and Security Services,54974
561611,Investigation Services,9678
561612,Security Guards and Patrol Services,17339
561613,Armored Car Services,3385
561621,Security Systems Services (except Locksmiths),15041
561622,Locksmiths,9531
5617,Services to Buildings and Dwellings,380219
561710,Exterminating and Pest Control Services,26610
561720,Janitorial Services,102558
561730,Landscaping Services,132456
561740,Carpet and Upholstery Cleaning Services,15308
561790,Other Services to Buildings and Dwellings,103287
5619,Other Support Services,815623
561910,Packaging and Labeling Services,2960
561920,Convention and Trade Show Organizers,4007
561990,All Other Support Services,808656
5621,Waste Collection,2254
562111,Solid Waste Collection,1762
562112,Hazardous Waste Collection,246
562119,Other Waste Collection,246
5622,Waste Treatment and Disposal,12941
562211,Hazardous Waste Treatment and Disposal,3537
562212,Solid Waste Landfill,5409
562213,Solid Waste Combustors and Incinerators,34
562219,Other Nonhazardous Waste Treatment and Disposal,3961
5629,Remediation and Other Waste Management Services,26296
562910,Remediation Services,2752
562920,Materials Recovery Facilities,11010
562991,Septic Tank and Related Services,11382
562998,All Other Miscellaneous Waste Management Services,1152
61,Educational Services,377182
6111,Elementary and Secondary Schools,181803
611110,Elementary and Secondary Schools,181803
6112,Junior Colleges,4271
611210,Junior Colleges,4271
6113,"Colleges, Universities, and Professional Schools",31546
611310,"Colleges, Universities, and Professional Schools",31546
6114,Business Schools and Computer and Management Training,4929
611410,Business and Secretarial Schools,870
611420,Computer Training,3757
611430,Professional and Management Development Training,302
6115,Technical and Trade Schools,12895
611511,Cosmetology and Barber Schools,2741
611512,Flight Training,1213
611513,Apprenticeship Training,407
611519,Other Technical and Trade Schools,8534
6116,Other Schools and Instruction,131780
611610,Fine Arts Schools,27291
611620,Sports and Recreation Instruction,41962
611630,Language Schools,2445
611691,Exam Preparation and Tutoring,8500
611692,Automobile Driving Schools,5114
611699,All Other Miscellaneous Schools and Instruction,46468
6117,Educational Support Services,9958
611710,Educational Support Services,9958
62,Health Care and Social Assistance,1614025
6211,Offices of Physicians,455914
621111,Offices of Physicians (except Mental Health Specialists),436528
621112,"Offices of Physicians, Mental Health Specialists",19386
6212,Offices of Dentists,197789
621210,Offices of Dentists,197789
6213,Offices of Other Health Practitioners,274012
621310,Offices of Chiropractors,62004
621320,Offices of Optometrists,29935
621330,Offices of Mental Health Practitioners (except Physicians),32536
621340,"Offices of Physical, Occupational and Speech Therapists, and Audiologists",34768
621391,Offices of Podiatrists,13365
621399,Offices of All Other Miscellaneous Health Practitioners,101404
6214,Outpatient Care Centers,65751
621410,Family Planning Centers,4560
621420,Outpatient Mental Health and Substance Abuse Centers,10826
621491,HMO Medical Centers,1122
621492,Kidney Dialysis Centers,8684
621493,Freestanding Ambulatory Surgical and Emergency Centers,2739
621498,All Other Outpatient Care Centers,37820
6215,Medical and Diagnostic Laboratories,16953
621511,Medical Laboratories,13644
621512,Diagnostic Imaging Centers,3309
6216,Home Health Care Services,46258
621610,Home Health Care Services,46258
6219,Other Ambulatory Health Care Services,144410
621910,Ambulance Services,6379
621991,Blood and Organ Banks,8459
621999,All Other Miscellaneous Ambulatory Health Care Services,129572
6221,General Medical and Surgical Hospitals,26168
622110,General Medical and Surgical Hospitals,26168
6222,Psychiatric and Substance Abuse Hospitals,4264
622210,Psychiatric and Substance Abuse Hospitals,4264
6223,Specialty (except Psychiatric and Substance Abuse) Hospitals,2629
622310,Specialty (except Psychiatric and Substance Abuse) Hospitals,2629
6231,Nursing Care Facilities (Skilled Nursing Facilities),33247
623110,Nursing Care Facilities (Skilled Nursing Facilities),33247
6232,"Residential Intellectual and Developmental Disability, Mental Health, and Substance Abuse Facilities",7660
623210,Residential Intellectual and Developmental Disability Facilities,2010
623220,Residential Mental Health and Substance Abuse Facilities,5650
6233,Continuing Care Retirement Communities and Assisted Living Facilities for the Elderly,18728
623311,Continuing Care Retirement Communities,11150
623312,Assisted Living Facilities for the Elderly,7578
6239,Other Residential Care Facilities,15597
623990,Other Residential Care Facilities,15597
6241,Individual and Family Services,175236
624110,Child and Youth Services,10464
624120,Services for the Elderly and Persons with Disabilities,19971
624190,Other Individual and Family Services,144801
6242,"Community Food and Housing, and Emergency and Other Relief Services",6497
624210,Community Food Services,1105
624221,Temporary Shelters,1804
624229,Other Community Housing Services,239
624230,Emergency and Other Relief Services,3349
6243,Vocational Rehabilitation Services,12444
624310,Vocational Rehabilitation Services,12444
6244,Child Day Care Services,110468
624410,Child Day Care Services,110468
71,"Arts, Entertainment, and Recreation",346290
7111,Performing Arts Companies,30936
711110,Theater Companies and Dinner Theaters,3179
711120,Dance Companies,184
711130,Musical Groups and Artists,9010
711190,Other Performing Arts Companies,18563
7112,Spectator Sports,25588
711211,Sports Teams and Clubs,6143
711212,Racetracks,4397
711219,Other Spectator Sports,15048
7113,"Promoters of Performing Arts, Sports, and Similar Events",9077
711310,"Promoters of Performing Arts, Sports, and Similar Events with Facilities",7345
711320,"Promoters of Performing Arts, Sports, and Similar Events without Facilities",1732
7114,"Agents and Managers for Artists, Athletes, Entertainers, and Other Public Figures",9025
711410,"Agents and Managers for Artists, Athletes, Entertainers, and Other Public Figures",9025
7115,"Independent Artists, Writers, and Performers",51574
711510,"Independent Artists, Writers, and Performers",51574
7121,"Museums, Historical Sites, and Similar Institutions",38904
712110,Museums,22941
712120,Historical Sites,3249
712130,Zoos and Botanical Gardens,1643
712190,Nature Parks and Other Similar Institutions,11071
7131,Amusement Parks and Arcades,4492
713110,Amusement and Theme Parks,2294
713120,Amusement Arcades,2198
7132,Gambling Industries,1138
713210,Casinos (except Casino Hotels),611
713290,Other Gambling Industries,527
7139,Other Amusement and Recreation Industries,175556
713910,Golf Courses and Country Clubs,14632
713920,Skiing Facilities,277
713930,Marinas,6991
713940,Fitness and Recreational Sports Centers,125205
713950,Bowling Centers,4949
713990,All Other Amusement and Recreation Industries,23502
72,Accommodation and Food Services,861926
7211,Traveler Accommodation,107937
721110,Hotels (except Casino Hotels) and Motels,84072
721120,Casino Hotels,1624
721191,Bed-and-Breakfast Inns,17163
721199,All Other Traveler Accommodation,5078
7212,RV (Recreational Vehicle) Parks and Recreational Camps,14663
721211,RV (Recreational Vehicle) Parks and Campgrounds,10371
721214,Recreational and Vacation Camps (except Campgrounds),4292
7213,"Rooming and Boarding Houses, Dormitories, and Workers' Camps",2511
721310,"Rooming and Boarding Houses, Dormitories, and Workers' Camps",2511
7223,Special Food Services,36330
722310,Food Service Contractors,1778
722320,Caterers,29520
722330,Mobile Food Services,5032
7224,Drinking Places (Alcoholic Beverages),68994
722410,Drinking Places (Alcoholic Beverages),68994
7225,Restaurants and Other Eating Places,631491
722511,Full-Service Restaurants,356569
722513,Limited-Service Restaurants,271126
722514,"Cafeterias, Grill Buffets, and Buffets",2738
722515,Snack and Nonalcoholic Beverage Bars,1058
81,Other Services (except Public Administration),1815602
8111,Automotive Repair and Maintenance,296451
811111,General Automotive Repair,144440
811112,Automotive Exhaust System Repair,6536
811113,Automotive Transmission Repair,7420
811118,Other Automotive Mechanical and Electrical Repair and Maintenance,29450
811121,"Automotive Body, Paint, and Interior Repair and Maintenance",48831
811122,Automotive Glass Replacement Shops,6398
811191,Automotive Oil Change and Lubrication Shops,5843
811192,Car Washes,31556
811198,All Other Automotive Repair and Maintenance,15977
8112,Electronic and Precision Equipment Repair and Maintenance,35959
811211,Consumer Electronics Repair and Maintenance,5526
811212,Computer and Office Machine Repair and Maintenance,13523
811213,Communication Equipment Repair and Maintenance,1204
811219,Other Electronic and Precision Equipment Repair and Maintenance,15706
8113,Commercial and Industrial Machinery and Equipment (except Automotive and Electronic) Repair and Maintenance,42614
811310,Commercial and Industrial Machinery and Equipment (except Automotive and Electronic) Repair and Maintenance,42614
8114,Personal and Household Goods Repair and Maintenance,126328
811411,Home and Garden Equipment Repair and Maintenance,8557
811412,Appliance Repair and Maintenance,69770
811420,Reupholstery and Furniture Repair,11675
811430,Footwear and Leather Goods Repair,3389
811490,Other Personal and Household Goods Repair and Maintenance,32937
8121,Personal Care Services,378722
812111,Barber Shops,35200
812112,Beauty Salons,235488
812113,Nail Salons,55038
812191,Diet and Weight Reducing Centers,2550
812199,Other Personal Care Services,50446
8122,Death Care Services,32832
812210,Funeral Homes and Funeral Services,20902
812220,Cemeteries and Crematories,11930
8123,Drycleaning and Laundry Services,40091
812310,Coin-Operated Laundries and Drycleaners,12712
812320,Drycleaning and Laundry Services (except Coin-Operated),24405
812331,Linen Supply,1906
812332,Industrial Launderers,1068
8129,Other Personal Services,147866
812910,Pet Care (except Veterinary) Services,42615
812921,Photofinishing Laboratories (except One-Hour),4436
812922,One-Hour Photofinishing,0
812930,Parking Lots and Garages,5731
812990,All Other Personal Services,95084
8131,Religious Organizations,339439
813110,Religious Organizations,339439
8132,Grantmaking and Giving Services,7421
813211,Grantmaking Foundations,5873
813212,Voluntary Health Organizations,1100
813219,Other Grantmaking and Giving Services,448
8133,Social Advocacy Organizations,50673
813311,Human Rights Organizations,0
813312,"Environment, Conservation and Wildlife Organizations",3514
813319,Other Social Advocacy Organizations,47159
8134,Civic and Social Organizations,171590
813410,Civic and Social Organizations,171590
8139,"Business, Professional, Labor, Political, and Similar Organizations",145616
813910,Business Associations,31644
813920,Professional Organizations,27953
813930,Labor Unions and Similar Labor Organizations,15317
813940,Political Organizations,2953
813990,"Other Similar Organizations (except Business, Professional, Labor, and Political Organizations)",67749
8141,Private Households,0
814110,Private Households,0
92,Public Administration,210006
9211,"Executive, Legislative, and Other General Government Support",57256
921110,Executive Offices,30359
921120,Legislative Bodies,7664
921130,Public Finance Activities,5227
921140,"Executive and Legislative Offices, Combined",230
921150,American Indian and Alaska Native Tribal Governments,771
921190,Other General Government Support,13005
9221,"Justice, Public Order, and Safety Activities",71951
922110,Courts,12526
922120,Police Protection,15677
922130,Legal Counsel and Prosecution,3485
922140,Correctional Institutions,4627
922150,Parole Offices and Probation Offices,1816
922160,Fire Protection,31210
922190,"Other Justice, Public Order, and Safety Activities",2610
9231,Administration of Human Resource Programs,18365
923110,Administration of Education Programs,1692
923120,Administration of Public Health Programs,6917
923130,"Administration of Human Resource Programs (except Education, Public Health, and Veterans' Affairs Programs)",8152
923140,Administration of Veterans' Affairs,1604
9241,Administration of Environmental Quality Programs,17825
924110,Administration of Air and Water Resource and Solid Waste Management Programs,5117
924120,Administration of Conservation Programs,12708
9251,"Administration of Housing Programs, Urban Planning, and Community Development",7464
925110,Administration of Housing Programs,5796
925120,Administration of Urban Planning and Community and Rural Development,1668
9261,Administration of Economic Programs,21210
926110,Administration of General Economic Programs,2105
926120,Regulation and Administration of Transportation Programs,9195
926130,"Regulation and Administration of Communications, Electric, Gas, and Other Utilities",1104
926140,Regulation of Agricultural Marketing and Commodities,5573
926150,"Regulation, Licensing, and Inspection of Miscellaneous Commercial Sectors",3233
9271,Space Research and Technology,135
927110,Space Research and Technology,135
9281,National Security and International Affairs,15800
928110,National Security,13637
928120,International Affairs,2163
